               epoch,      train/box_loss,      train/obj_loss,      train/cls_loss,   metrics/precision,      metrics/recall,     metrics/mAP_0.5,metrics/mAP_0.5:0.95,        val/box_loss,        val/obj_loss,        val/cls_loss,               x/lr0,               x/lr1,               x/lr2
                   0,             0.11882,            0.074876,            0.026419,            0.071401,            0.097294,            0.028165,           0.0072681,             0.10778,             0.06221,            0.018645,            0.070357,           0.0032937,           0.0032937
                   1,             0.10075,            0.070362,            0.018489,             0.21248,             0.38432,             0.17882,            0.046326,            0.090272,            0.060331,             0.01441,            0.039701,           0.0059709,           0.0059709
                   2,            0.091977,            0.066803,            0.015776,             0.24712,             0.38827,             0.21274,            0.058397,            0.087542,            0.054124,            0.011728,            0.008385,           0.0079882,           0.0079882
